Sequence_ID,Length,GC_Content
Sequence_1,100,56.00000000000001
Sequence_2,100,43.0
Sequence_3,100,43.0
Sequence_4,100,54.0
Sequence_5,100,44.0
Sequence_6,100,44.0
Sequence_7,100,51.0
Sequence_8,100,48.0
Sequence_9,100,57.99999999999999
Sequence_10,100,48.0
Sequence_11,100,56.00000000000001
Sequence_12,100,56.99999999999999
Sequence_13,100,53.0
Sequence_14,100,43.0
Sequence_15,100,44.0
Sequence_16,100,49.0
Sequence_17,100,50.0
Sequence_18,100,60.0
Sequence_19,100,53.0
Sequence_20,100,52.0
